,idf1,idp,idr,mota,motp,num_switches,num_fragmentations,mostly_tracked,partially_tracked,mostly_lost,num_false_positives,num_misses,num_objects,num_unique_objects
tracklets,0.825,0.8319327731092437,0.8181818181818182,0.8925619834710744,0.15161237761346325,7,2,6,0,0,2,4,121,6
sam2,0.8658008658008658,0.9090909090909091,0.8264462809917356,0.768595041322314,0.14640425452484102,13,2,5,1,0,2,13,121,6
