,idf1,idp,idr,mota,motp,num_switches,num_fragmentations,mostly_tracked,partially_tracked,mostly_lost,num_false_positives,num_misses,num_objects,num_unique_objects
tracklets,0.7644787644787645,0.7674418604651163,0.7615384615384615,0.9076923076923077,0.1424275006706916,9,2,6,0,0,1,2,130,6
sam2,0.9649805447470817,0.9763779527559056,0.9538461538461539,0.9461538461538461,0.14914756935519072,4,2,6,0,0,0,3,130,6
