,idf1,idp,idr,mota,motp,num_switches,num_fragmentations,mostly_tracked,partially_tracked,mostly_lost,num_false_positives,num_misses,num_objects,num_unique_objects
tracklets,0.7372549019607844,0.7014925373134329,0.7768595041322314,0.7024793388429752,0.18674540629234307,13,5,6,0,0,18,5,121,6
sam2,0.9113924050632911,0.9310344827586207,0.8925619834710744,0.8677685950413223,0.16047825283695988,5,5,6,0,0,3,8,121,6
