,idf1,idp,idr,mota,motp,num_switches,num_fragmentations,mostly_tracked,partially_tracked,mostly_lost,num_false_positives,num_misses,num_objects,num_unique_objects
tracklets,0.768,0.6713286713286714,0.897196261682243,0.5607476635514019,0.1235458111666846,5,2,5,1,0,39,3,107,6
sam2,0.6929133858267716,0.5986394557823129,0.822429906542056,0.3271028037383178,0.1271456613878657,2,2,5,0,1,55,15,107,6
