,idf1,idp,idr,mota,motp,num_switches,num_fragmentations,mostly_tracked,partially_tracked,mostly_lost,num_false_positives,num_misses,num_objects,num_unique_objects
tracklets,0.8939393939393939,0.8489208633093526,0.9147286821705426,0.8372093023255813,0.11667497342517817,7,1,6,0,0,10,4,129,6
sam2,0.8960573476702509,0.8116883116883117,0.9689922480620154,0.7209302325581395,0.1317976781619303,3,4,6,0,0,27,6,129,6
