,idf1,idp,idr,mota,motp,num_switches,num_fragmentations,mostly_tracked,partially_tracked,mostly_lost,num_false_positives,num_misses,num_objects,num_unique_objects
tracklets,0.8939393939393939,0.8489208633093526,0.9147286821705426,0.8372093023255813,0.11667497342517817,7,1,6,0,0,10,4,129,6
sam2,0.9721115537848606,0.9682539682539683,0.9457364341085271,0.8837209302325582,0.1267015027314766,2,4,5,1,0,3,10,129,6
